"access_code","f1_send_by","f1_sent","f1_done","f2_send_by","f2_sent","f2_done"
"0zue7m453vlc","2024-08-13",NA,NA,"2024-08-27",NA,NA
"zh6p083t86j","2024-08-13",NA,NA,"2024-08-27",NA,NA
"87nw5pi8p1v","2024-08-13",NA,NA,"2024-08-27",NA,NA
"29rjl4zwyuc","2024-08-13",NA,NA,"2024-08-27",NA,NA
"gh1norgo3gf","2024-08-13",NA,NA,"2024-08-27",NA,NA
"kwczme812i","2024-08-13",NA,NA,"2024-08-27",NA,NA
"7kifb8vzjro","2024-08-13",NA,NA,"2024-08-27",NA,NA
"22jtleqj677","2024-08-13",NA,NA,"2024-08-27",NA,NA
"0hw67tes0en","2024-08-13",NA,NA,"2024-08-27",NA,NA
"pj8hxiahiep","2024-08-13",NA,NA,"2024-08-27",NA,NA
"5z7aw1f9g2s","2024-08-13",NA,NA,"2024-08-27",NA,NA
"8nncm4z9y8e","2024-08-13",NA,NA,"2024-08-27",NA,NA
"jc7mfr850hp","2024-08-13",NA,NA,"2024-08-27",NA,NA
"apnv5iunlj","2024-08-13",NA,NA,"2024-08-27",NA,NA
"s0gn0h9ka4p","2024-08-13",NA,NA,"2024-08-27",NA,NA
"7dar2wjd9u7","2024-08-13",NA,NA,"2024-08-27",NA,NA
"l700ilsontc","2024-08-13",NA,NA,"2024-08-27",NA,NA
"n5xsqgt6hr","2024-08-13",NA,NA,"2024-08-27",NA,NA
"rzvt7odbd2j","2024-08-13",NA,NA,"2024-08-27",NA,NA
"fonitu3aw5","2024-08-13",NA,NA,"2024-08-27",NA,NA
"jfbfdu0z3nn","2024-08-13",NA,NA,"2024-08-27",NA,NA
"rn3t4qtib2","2024-08-14",NA,NA,"2024-08-28",NA,NA
"73k67d8yv2k","2024-08-14",NA,NA,"2024-08-28",NA,NA
"05hwibxexpre","2024-08-14",NA,NA,"2024-08-28",NA,NA
"71p281vf736","2024-08-14",NA,NA,"2024-08-28",NA,NA
"x28m3r2awbs","2024-08-14",NA,NA,"2024-08-28",NA,NA
"t591evbaw2q","2024-08-14",NA,NA,"2024-08-28",NA,NA
"qegtifa7uh","2024-08-14",NA,NA,"2024-08-28",NA,NA
"b917n2rgurq","2024-08-14",NA,NA,"2024-08-28",NA,NA
